[{"family":"MaterialIcons","fonts":[{"asset":"fonts/MaterialIcons-Regular.otf"}]},{"family":"Roboto","fonts":[{"weight":100,"asset":"fonts/Roboto/Roboto-Thin.ttf"},{"weight":300,"asset":"fonts/Roboto/Roboto-Light.ttf"},{"weight":400,"asset":"fonts/Roboto/Roboto-Regular.ttf"},{"weight":500,"asset":"fonts/Roboto/Roboto-Medium.ttf"},{"weight":700,"asset":"fonts/Roboto/Roboto-Bold.ttf"},{"weight":900,"asset":"fonts/Roboto/Roboto-Black.ttf"}]},{"family":"Oswald","fonts":[{"asset":"fonts/Oswald-Regular.ttf"}]},{"family":"Merriweather","fonts":[{"asset":"fonts/Merriweather-Bold.otf"},{"asset":"fonts/Merriweather-Black.otf"}]},{"family":"Poppins","fonts":[{"asset":"fonts/Poppins-Regular.ttf"},{"weight":600,"asset":"fonts/Poppins-SemiBold.ttf"},{"weight":700,"asset":"fonts/Poppins-Bold.ttf"}]}]