{"assets/images/Coffee.png":["assets/images/Coffee.png"],"assets/images/Frappuccino.png":["assets/images/Frappuccino.png"],"assets/images/Header-Dark.png":["assets/images/Header-Dark.png"],"assets/images/Header.png":["assets/images/Header.png"],"assets/images/Juice.png":["assets/images/Juice.png"],"assets/images/Latte.png":["assets/images/Latte.png"],"fonts/Merriweather-Black.otf":["fonts/Merriweather-Black.otf"],"fonts/Merriweather-Bold.otf":["fonts/Merriweather-Bold.otf"],"fonts/Oswald-Regular.ttf":["fonts/Oswald-Regular.ttf"],"fonts/Poppins-Bold.ttf":["fonts/Poppins-Bold.ttf"],"fonts/Poppins-Regular.ttf":["fonts/Poppins-Regular.ttf"],"fonts/Poppins-SemiBold.ttf":["fonts/Poppins-SemiBold.ttf"],"fonts/Roboto/Roboto-Black.ttf":["fonts/Roboto/Roboto-Black.ttf"],"fonts/Roboto/Roboto-Bold.ttf":["fonts/Roboto/Roboto-Bold.ttf"],"fonts/Roboto/Roboto-Light.ttf":["fonts/Roboto/Roboto-Light.ttf"],"fonts/Roboto/Roboto-Medium.ttf":["fonts/Roboto/Roboto-Medium.ttf"],"fonts/Roboto/Roboto-Regular.ttf":["fonts/Roboto/Roboto-Regular.ttf"],"fonts/Roboto/Roboto-Thin.ttf":["fonts/Roboto/Roboto-Thin.ttf"],"assets/images/Tea.png":["assets/images/Tea.png"],"assets/images/airplane_blue.png":["assets/images/airplane_blue.png"],"assets/images/airplane_white.png":["assets/images/airplane_white.png"],"assets/images/barcode.png":["assets/images/barcode.png"],"assets/images/bg_blue.png":["assets/images/bg_blue.png"],"assets/animations/bob.flr":["assets/animations/bob.flr"],"assets/images/flutter-logo.png":["assets/images/flutter-logo.png"],"assets/images/galaxy.jpg":["assets/images/galaxy.jpg"],"assets/images/icon-moon.png":["assets/images/icon-moon.png"],"assets/images/icon-r.png":["assets/images/icon-r.png"],"assets/images/icon-sun.png":["assets/images/icon-sun.png"],"assets/images/ink_mask.png":["assets/images/ink_mask.png"],"assets/images/logo_white.png":["assets/images/logo_white.png"],"assets/images/planeroute_blue.png":["assets/images/planeroute_blue.png"],"assets/images/planeroute_white.png":["assets/images/planeroute_white.png"],"assets/animations/spaceman.flr":["assets/animations/spaceman.flr"],"assets/images/tendril_mask.png":["assets/images/tendril_mask.png"],"assets/images/wipe_mask.png":["assets/images/wipe_mask.png"]}